experiment_id,experiment_name,run_id,cv_mthd
734376334423401772,optiver_trading_at_the_close_20231030_074333,712022dc41e14d4f9f2db48de763509c,KF
734376334423401772,optiver_trading_at_the_close_20231030_074333,9e010ce9740a4e9fabeced1af20fbf33,KF
734376334423401772,optiver_trading_at_the_close_20231030_074333,0fefaa1482784bd09232eba74cee0fe4,KF
734376334423401772,optiver_trading_at_the_close_20231030_074333,97f774e3bbf8420282ae0023ef3010e0,KF
734376334423401772,optiver_trading_at_the_close_20231030_074333,363fc3c772144fd08c8447668930c568,KF
734376334423401772,optiver_trading_at_the_close_20231030_074333,6ca5012aeb4341deb46049640d7ef5b5,KF
734376334423401772,optiver_trading_at_the_close_20231030_074333,1ce304fee1bd4764a9f7d849a6fe3645,KF
734376334423401772,optiver_trading_at_the_close_20231030_074333,51e107eaab6248729af42dbe1fdf3a98,KF
734376334423401772,optiver_trading_at_the_close_20231030_074333,35ffc1021e70446793be9eb9f0ef1a67,KF
734376334423401772,optiver_trading_at_the_close_20231030_074333,0c6ce3911beb47d5aaf0ffa279bc4d38,KF
